claim_id,claimant_name,father_name,spouce_name,gender,tribe_or_community,category,village,gram_panchayat,block_tehsil_taluka,district,state,claim_type,claim_status,claim_area_hectares,claim_area_acres,boundary_coordinates,date_of_application,date_of_approval
5000,Radha Sahu,Nakul Sahu,Nakul Sahu,Female,Sahariya,CR,Meena,Meena Gram Panchayat,Chhindwara,Singrauli,Madhya Pradesh,IFR,proposed,1.32,3.26,"{""type"": ""Polygon"", ""coordinates"": [[[81.50766194782778, 24.208393549501942], [78.31899217961738, 23.898899910879194], [74.04224223734248, 21.64707649423171], [74.7589573765077, 23.823339630027874], [81.57535207707434, 21.60946056051915], [76.79260894899653, 25.35663282799012], [77.71048339153664, 23.002925468346458], [78.84931836593928, 22.347615200570917], [74.26499354232611, 22.719860116531173], [78.89071800344793, 23.210093411215762], [81.2121715814053, 22.864053913053393], [78.76420186333083, 21.85093965536977], [76.684135860304, 25.99753932466871], [75.04836280339215, 23.95085421209878], [81.50766194782778, 24.208393549501942]]]}",2025-02-24,2025-05-25
5001,Laxman Jha,Suresh Jha,Ritu Jha,Male,Gond,ST,Kanha,Kanha Gram Panchayat,Panna,Chhindwara,Madhya Pradesh,IFR,verified,1.15,2.84,"{""type"": ""Polygon"", ""coordinates"": [[[81.87438933051693, 24.75461442383456], [74.31455262266913, 22.5207502187167], [75.66606836153133, 25.9011787417834], [81.0850361776804, 22.20509516280802], [81.88487213495965, 25.57192108765485], [79.88028215524497, 22.137539464197932], [75.16197489972302, 24.51324276584271], [78.6900591817788, 24.18345788488907], [76.99680519442859, 26.24439385811009], [80.44935373659798, 25.297395481470538], [76.4310538561187, 23.305402769617785], [78.1990829373375, 24.104255482763676], [82.08781782597023, 23.408883645141632], [78.66699976293123, 24.922200567583914], [81.87438933051693, 24.75461442383456]]]}",2023-04-24,2024-09-04
5002,Priya Jha,Laxman Jha,Ravi Jha,Female,Baiga,ST,Barhi,Barhi Gram Panchayat,Hoshangabad,Hoshangabad,Madhya Pradesh,IFR,granted,0.84,2.07,"{""type"": ""Polygon"", ""coordinates"": [[[77.74292179462333, 24.92971507868612], [77.24876925678122, 23.9505444906142], [75.21976180451429, 25.449843065213166], [77.70295382580062, 23.51088228130638], [76.29166716566968, 25.315014561474687], [78.77144070214757, 25.347509403257465], [80.32737680066063, 25.16527964183187], [75.15261731220333, 25.4960685239144], [75.85704577248971, 25.156588813263326], [74.34113914906823, 22.967340341915925], [78.66103195915571, 23.770062718278524], [77.07118327496046, 22.471739357393194], [77.24110314353828, 23.802930838827194], [80.02535059106896, 25.34457058866746], [77.74292179462333, 24.92971507868612]]]}",2022-11-01,2023-08-14
5003,Dev Gupta,Bheem Gupta,Nisha Gupta,Male,Gond,CR,Rata,Rata Gram Panchayat,Balaghat,Katni,Madhya Pradesh,IFR,proposed,1.89,4.67,"{""type"": ""Polygon"", ""coordinates"": [[[74.17069145834482, 25.86005211866468], [77.09960227213871, 24.793173597499866], [81.1554341472742, 25.176909143670596], [78.2787258240563, 24.95707918409586], [79.77340845068282, 24.046413308088102], [80.68162993873902, 22.797723432947762], [79.32014546075762, 24.11690212438172], [81.52141753809735, 22.713842599968164], [80.76835339138123, 21.8744164207893], [75.55834353780583, 25.62133389508699], [82.20299719579039, 22.128869011627135], [76.4455168759894, 23.449711802456843], [77.01221120382579, 22.557632214214117], [77.96615954647393, 24.680578334634177], [74.17069145834482, 25.86005211866468]]]}",2022-11-02,2025-03-28
5004,Geeta Yadav,Govind Yadav,Krishna Yadav,Female,Not Specified,CR,Rajgarh,Rajgarh Gram Panchayat,Deori,Balaghat,Madhya Pradesh,IFR,granted,0.97,2.4,"{""type"": ""Polygon"", ""coordinates"": [[[81.74755596833131, 26.0689111592863], [78.07185348881187, 23.46885602668257], [78.99748974211892, 26.12076394820329], [78.6180873438244, 22.487426095898478], [74.68666129678161, 24.70086720047707], [75.76154586256577, 25.965865566042126], [82.27104118745142, 24.944562334660297], [75.73649722781946, 23.277770721255933], [81.90038786092924, 21.756349031903707], [76.75599724092356, 22.231547875714675], [80.90888991833671, 23.299798761458003], [75.4745319941023, 22.886416210827512], [77.35720742652379, 25.751387284211415], [81.50317320961156, 24.638105472547714], [81.74755596833131, 26.0689111592863]]]}",2022-12-13,2025-04-12
5005,Raj Jha,Yudhishthir Jha,Areqreh,Male,Gond,ST,Rata,Rata Gram Panchayat,Satna,Dindori,Madhya Pradesh,IFR,proposed,0.98,2.42,"{""type"": ""Polygon"", ""coordinates"": [[[82.3773785781537, 25.36348627844045], [74.41298664098808, 25.983822276918303], [77.84156796054982, 22.792702763268185], [76.87227448628948, 22.265960195215815], [75.79234613886283, 26.27051742053421], [77.18405502887686, 23.55287259400345], [75.80649172053843, 25.532289419000044], [78.34440917891672, 21.763477802522868], [76.2112476788396, 22.88664234521744], [79.3145153744447, 26.212214386392105], [80.54428361044056, 23.45827250979018], [75.83912376780778, 24.659035802665738], [82.33794056747928, 21.87865276718363], [75.76503519804285, 22.8845229455029], [82.3773785781537, 25.36348627844045]]]}",2023-12-19,2024-11-16
5006,Ritu Mishra,Nakul Mishra,Yudhishthir Mishra,Female,Sahariya,CR,Kanha,Kanha Gram Panchayat,Satpura,Dindori,Madhya Pradesh,IFR,granted,1.58,3.9,"{""type"": ""Polygon"", ""coordinates"": [[[75.1318507488191, 22.83288671024531], [80.56414245519893, 25.30385183385252], [78.28198977725536, 23.29360002164658], [79.38448523544322, 23.12724136697692], [78.60432108600078, 25.935527507376463], [77.41751513083577, 24.172885717649358], [76.18868609111371, 25.572587177110293], [79.51041716716719, 22.530707231732627], [80.20044221373962, 24.843045787296987], [82.35008692254237, 24.9058996928335], [76.34159821261647, 26.049839536616446], [76.82133928419702, 25.69092811667842], [75.9584385952371, 23.049817011485466], [77.31402177636754, 22.959550465492992], [75.1318507488191, 22.83288671024531]]]}",2025-07-12,2025-08-05
5007,Sahdev Kumar,Suresh Kumar,Sita Kumar,Male,Not Specified,ST,Pipariya,Pipariya Gram Panchayat,Baihar,Panna,Madhya Pradesh,IFR,proposed,1.27,3.14,"{""type"": ""Polygon"", ""coordinates"": [[[77.26675214366914, 25.396856866377913], [79.00589685098797, 23.891024142537074], [75.27696272971828, 25.271707944467394], [76.72254058336465, 24.15608402089478], [75.12585040485614, 23.642928967296363], [78.56066474768284, 24.595128174779866], [79.78379101241761, 23.140371212659204], [74.5061420849318, 22.81684620348823], [78.67025085314202, 23.894519436521794], [78.73101891023826, 23.517456089696957], [77.54150604669019, 26.15416401307972], [78.65708174336653, 25.972886699411116], [78.55766824616296, 24.732987214014784], [79.61318735209183, 22.823698305406264], [77.26675214366914, 25.396856866377913]]]}",2023-02-10,2023-04-14
5008,Arjun Singh,Govind Singh,Lakshmi Singh,Male,Gond,ST,Ahirwar,Ahirwar Gram Panchayat,Deori,Shahdol,Madhya Pradesh,IFR,granted,1.91,4.72,"{""type"": ""Polygon"", ""coordinates"": [[[80.18404144867644, 22.669347205088965], [80.99407765832737, 21.662624913660093], [77.70849330807322, 25.750482952678965], [77.85486074217762, 24.604365932816826], [79.09374482240185, 23.107465277684277], [75.81771616110959, 25.294982225138497], [78.80943761614593, 26.172311281362923], [74.50429079228898, 23.34181005366932], [79.59619083932652, 23.68590657308756], [76.91167151816757, 26.140964549387764], [76.53397138253287, 21.877140739175363], [75.83901335923315, 24.73914589158173], [76.33810429792032, 24.95126777520303], [77.31768180210425, 23.186009948719935], [80.18404144867644, 22.669347205088965]]]}",2023-08-24,2024-11-05
5009,Neha Mishra,Krishna Mishra,Suresh Mishra,Female,Sahariya,CR,Ahirwar,Ahirwar Gram Panchayat,Kanha,Betul,Madhya Pradesh,IFR,proposed,1.85,4.57,"{""type"": ""Polygon"", ""coordinates"": [[[80.62107164032086, 26.096228897394948], [76.15851077579481, 26.09138575419158], [80.13909650025617, 23.908065361519654], [74.14680710484826, 24.192137810163874], [78.93210496283528, 25.3937572200184], [74.74542196333319, 25.705628133097843], [81.58351892920248, 22.6520948826904], [76.83844364237507, 21.644408466028494], [78.79556524503697, 25.54595047299294], [80.30682585710527, 23.394247251048785], [76.72550458244777, 23.911449980451327], [78.0018656685855, 22.950309553758398], [81.72239169924582, 26.035778277627003], [76.236828215143, 24.7731972351843], [80.62107164032086, 26.096228897394948]]]}",2024-06-09,2024-08-12
5010,Shweta Sahu,Vishnu Sahu,Ychtlxd,Female,Gond,CR,Bargawan,Bargawan Gram Panchayat,Bandhavgarh,Panna,Madhya Pradesh,IFR,pending,0.85,2.1,"{""type"": ""Polygon"", ""coordinates"": [[[78.7144993746512, 24.2817323046391], [78.2257438097718, 26.17501923286498], [75.13717743200561, 25.00106732767247], [81.04445602344805, 25.499046414706847], [75.02879488709063, 23.709827627374498], [79.23315045822163, 23.973933637034065], [77.19919229923435, 24.57387310540614], [78.09262132136263, 24.45886133410735], [81.54769287798817, 22.46946137292218], [76.72907868885933, 22.831260021078425], [80.47877964640972, 24.05786209418589], [82.05030656608497, 22.097749457241118], [81.03407009410913, 22.98663030443201], [75.14825964669545, 23.293288526956815], [78.7144993746512, 24.2817323046391]]]}",2024-03-21,2024-03-22
5011,Anita Rao,Krishna Rao,Vikram Rao,Female,Baiga,CR,Bodhghat,Bodhghat Gram Panchayat,Kanha,Chhindwara,Madhya Pradesh,IFR,granted,1.55,3.83,"{""type"": ""Polygon"", ""coordinates"": [[[75.5687810285682, 26.077779970566752], [79.21052944144486, 23.426355164582347], [81.5012685742903, 23.766286098803974], [76.89495274984213, 23.831384808626947], [79.47140096465724, 22.39595617622565], [80.75252466217803, 25.510093230580026], [74.56350476077748, 24.689976112669168], [78.51223189927704, 25.205119439787456], [80.2381585594561, 24.252302600131475], [80.35796016742046, 23.05761201213913], [82.03152170028807, 26.18716711525657], [77.64276672462935, 22.38564616517069], [78.99428456133552, 22.866453917687426], [76.8809987084208, 24.585938797519997], [75.5687810285682, 26.077779970566752]]]}",2024-03-21,2024-04-11
5012,Suresh Singh,Vikram Singh,Vzhieor,Male,Gond,CR,Rata,Rata Gram Panchayat,Panna,Hoshangabad,Madhya Pradesh,IFR,granted,1.11,2.74,"{""type"": ""Polygon"", ""coordinates"": [[[75.07498945666164, 22.723771560278582], [77.5566615437072, 24.21730165630235], [80.00601655094394, 23.946438673661483], [80.91054022373206, 25.040907208302762], [80.31635897089475, 24.389914577460146], [79.54015611925354, 25.6051925627618], [82.05430359841799, 23.612017024666347], [77.30951981337189, 22.001089438105073], [79.10094380865523, 22.637289766102768], [80.57438441856081, 24.85990586016305], [77.3578864710268, 24.749761010933693], [76.41417149370244, 23.594091390440944], [76.43899183112705, 24.19184450780484], [74.14541626709311, 26.07191697319682], [75.07498945666164, 22.723771560278582]]]}",2023-12-26,2025-06-25
5013,Arjun Patel,Suresh Patel,Anita Patel,Male,Gond,CR,Rata,Rata Gram Panchayat,Singrauli,Chhindwara,Madhya Pradesh,IFR,proposed,1.13,2.79,"{""type"": ""Polygon"", ""coordinates"": [[[81.60316859318979, 21.934885200111427], [80.27198915624164, 25.306997261718394], [75.92993506081868, 25.865086723370517], [77.13073516700854, 25.919920314724862], [76.1722247769124, 25.127682710100583], [75.24380845834655, 24.77041740876936], [81.65625050458745, 25.525894729354885], [75.33782468172727, 22.176667408517762], [76.22326189025091, 21.898071351696778], [74.26953713706938, 26.20992658775556], [79.30723237099937, 25.499562142504377], [74.69779366960574, 22.005273042069494], [82.45711797797243, 24.679900331327122], [74.19939200588655, 23.656351053627713], [81.60316859318979, 21.934885200111427]]]}",2025-06-18,2025-07-07
5014,Lakshmi Singh,Dev Singh,Bheem Singh,Female,Kol,CR,Singhpur,Singhpur Gram Panchayat,Chhindwara,Satna,Madhya Pradesh,IFR,rejected,0.83,2.05,"{""type"": ""Polygon"", ""coordinates"": [[[74.94929109764207, 26.126218308915206], [76.9804212280997, 21.727528511719342], [76.1115212768333, 22.014378188590616], [80.29298364964232, 25.373786825458325], [82.29972785451957, 22.910581368439484], [76.75935594840249, 24.57589570919154], [76.39925992139989, 25.106728696441092], [79.24886510579523, 25.430847352601685], [75.43776773769903, 24.01401383953712], [78.86248823991737, 26.13842855714727], [76.88206852574034, 25.375205927837026], [76.18856626395716, 25.51040301482733], [79.53963326914831, 25.123400420459838], [75.3721866183321, 25.74896676659378], [74.94929109764207, 26.126218308915206]]]}",2024-10-11,2025-06-16
5015,Radha Chauhan,Shyam Chauhan,Igrxajt,Female,Not Specified,CR,Lagma,Lagma Gram Panchayat,Deori,Umaria,Madhya Pradesh,IFR,pending,0.82,2.03,"{""type"": ""Polygon"", ""coordinates"": [[[75.80863960757215, 22.961777870307902], [74.61450470198488, 24.58558890590592], [77.40081926152911, 24.199474007950734], [78.75717068644447, 26.270505792935218], [80.66231909273813, 25.900315014686413], [74.2450009850174, 24.5389703182432], [79.04744619823248, 24.806437465445434], [74.95121139421573, 24.295195963362616], [75.59110211187055, 22.89885470120952], [81.99929428896812, 22.82063170424018], [80.6412381541974, 25.082555888648468], [74.39544815247682, 22.314885441521046], [78.72588469768019, 23.672628133623423], [78.88929052968219, 24.20029709979552], [75.80863960757215, 22.961777870307902]]]}",2023-01-29,2023-06-16
5016,Mohan Das,Shyam Das,Lata Das,Male,Not Specified,ST,Lagma,Lagma Gram Panchayat,Baihar,Shahdol,Madhya Pradesh,IFR,pending,0.85,2.1,"{""type"": ""Polygon"", ""coordinates"": [[[81.61322908396996, 22.33388128516244], [77.50735431873743, 22.2257136437361], [80.91894309500671, 25.032725252134327], [74.83357127713747, 23.20289590175749], [79.86425770257296, 25.313413765670873], [76.16852226225495, 25.890675153946837], [80.37683778978817, 22.73159303349899], [77.40236350806398, 24.395641744702598], [81.78730840467556, 24.46091866606675], [74.36918215130052, 22.904960729574174], [77.97502381846277, 23.088633366736573], [81.95329622215945, 23.848373504473088], [74.01723823514227, 23.640774557658272], [82.48813749915351, 24.770320706952692], [81.61322908396996, 22.33388128516244]]]}",2023-04-05,2025-08-18
5017,Nisha Bhai,Raj Bhai,Xspamwh,Female,Gond,ST,Pipariya,Pipariya Gram Panchayat,Singrauli,Seoni,Madhya Pradesh,IFR,granted,1.17,2.89,"{""type"": ""Polygon"", ""coordinates"": [[[78.11443667818938, 22.58076997986136], [78.45219205846749, 24.17338158591321], [80.4081688018929, 23.161886221275584], [80.77137172967606, 21.95891906155063], [78.56576023063296, 24.99398246986974], [76.70347111517775, 22.508139026269944], [80.66173101500247, 25.944189809534453], [79.78670547609033, 25.587544974534268], [79.39273938198325, 25.351092944421218], [82.05155730587009, 22.199497689426256], [81.29783778077845, 23.75460758314125], [79.45728172194201, 25.291009366737313], [80.47878248665167, 24.28739527156759], [78.89300994121625, 23.588415822735847], [78.11443667818938, 22.58076997986136]]]}",2023-04-29,2023-10-28
5018,Geeta Patel,Sahdev Patel,Bharat Patel,Female,Not Specified,ST,Pipariya,Pipariya Gram Panchayat,Satpura,Dindori,Madhya Pradesh,IFR,granted,1.54,3.8,"{""type"": ""Polygon"", ""coordinates"": [[[76.57055125903581, 23.39945213068701], [81.31357694585148, 23.877325672310256], [77.14319097409367, 26.078979934695226], [80.4751548990786, 26.299591150484126], [74.16550352741633, 22.57066752102049], [78.0833530456165, 24.637397060306775], [80.10849826891726, 26.145870193184656], [75.91975579857001, 24.057168676072685], [75.25637124086282, 26.250118327029448], [81.11393729009649, 25.362960289474366], [81.53486709555293, 24.397408240622028], [80.25351551001573, 22.148851449550328], [75.7548822274516, 22.317232214160864], [82.10615723229182, 24.947552957374977], [76.57055125903581, 23.39945213068701]]]}",2025-07-14,2025-07-29
5019,Ravi Gupta,Vikram Gupta,Neha Gupta,Male,Not Specified,ST,Deori,Deori Gram Panchayat,Singrauli,Balaghat,Madhya Pradesh,IFR,rejected,1.41,3.48,"{""type"": ""Polygon"", ""coordinates"": [[[81.89400384712229, 25.69600568219384], [77.10673878768364, 23.67909923408761], [76.89641464805628, 22.90693002761086], [79.97296507735476, 24.991683710348113], [81.38109694650606, 23.06470323024986], [81.30050107472923, 25.51463455044188], [75.31311636768697, 21.615481034593696], [78.84554377964942, 25.289860473029165], [74.73771684162305, 25.062927234359286], [74.5739174714096, 22.590841896107957], [74.83829864582383, 25.366552334894777], [77.24571512153418, 23.869220032199923], [75.7659155968086, 22.445875916136295], [74.92143648438915, 23.675381440743326], [81.89400384712229, 25.69600568219384]]]}",2025-03-29,2025-09-20
5020,Suresh Verma,Vishnu Verma,Gtvjxfi,Male,Not Specified,CR,Dhamna,Dhamna Gram Panchayat,Deori,Panna,Madhya Pradesh,IFR,verified,1.79,4.42,"{""type"": ""Polygon"", ""coordinates"": [[[80.93793261433103, 23.04552125242174], [81.13697327804091, 23.324177726451126], [74.77733379747754, 22.145298354492766], [82.0535312953317, 24.731737016189093], [82.36778666351796, 24.27945811406855], [74.82473274146902, 22.601850426111795], [80.88377849013231, 22.693119016236086], [80.03826340217293, 21.64688329433933], [80.43498301319032, 25.20799863357279], [77.19314617427708, 22.06371803975743], [75.04815811785969, 22.87849148481342], [77.87998399560077, 23.85592920867142], [82.42875186323862, 25.601932917172288], [75.93563651717915, 25.2278367712617], [80.93793261433103, 23.04552125242174]]]}",2025-02-25,2025-03-26
5021,Mohan Mishra,Shyam Mishra,Lata Mishra,Male,Sahariya,CR,Rajgarh,Rajgarh Gram Panchayat,Shahdol,Mandla,Madhya Pradesh,IFR,granted,1.86,4.59,"{""type"": ""Polygon"", ""coordinates"": [[[82.17056662103064, 24.703879360958553], [79.93739457869532, 23.634951271009236], [77.96357394772566, 25.277679924015906], [79.20673327615965, 23.89752203619218], [77.07567797965129, 22.17129873706844], [79.38771555375297, 21.974901906060005], [81.08396719695018, 25.37944208112669], [79.19076261903315, 25.4197177919012], [78.5627072400359, 25.253307424512553], [79.16896708865093, 25.33457603149387], [74.05788116226509, 22.02275003940553], [75.01325051942202, 24.41058450943438], [80.82736387653448, 25.26164426599145], [76.9689212321622, 25.48460498955207], [82.17056662103064, 24.703879360958553]]]}",2023-12-27,2024-05-30
5022,Pooja Kumar,Govind Kumar,Hari Kumar,Female,Not Specified,ST,Barhi,Barhi Gram Panchayat,Singrauli,Seoni,Madhya Pradesh,IFR,pending,1.08,2.67,"{""type"": ""Polygon"", ""coordinates"": [[[80.24621427550656, 24.000463452643295], [74.4333698947044, 25.50073401890881], [81.37610366469045, 21.783427784335203], [81.80315229208772, 24.959003500013768], [74.46907107746733, 23.78723675780528], [80.96409943928363, 24.591318053123892], [75.3388319919716, 24.15110541107014], [76.23215653656698, 24.87082211451362], [81.12368094969011, 21.955622364902005], [75.2570661246906, 23.940431675753256], [79.63807241548379, 24.362666603261154], [74.91397723618654, 22.96857123344198], [80.1033129794588, 25.851193593438516], [79.83285439647489, 23.90701682251258], [80.24621427550656, 24.000463452643295]]]}",2022-12-02,2024-07-26
5023,Ravi Singh,Ravi Singh,Iwmhqyd,Male,Kol,ST,Mocha,Mocha Gram Panchayat,Hoshangabad,Betul,Madhya Pradesh,IFR,granted,1.1,2.72,"{""type"": ""Polygon"", ""coordinates"": [[[79.17351922930048, 22.685218939314368], [76.73242460092278, 22.749115662568983], [77.1794034696322, 22.136535754508813], [74.90034833942926, 25.538703252620092], [82.24021774729209, 23.2391661171], [77.33570245060858, 24.73276052780369], [74.18370112141773, 21.664830680765608], [79.68488596155447, 22.558880078988263], [75.94095305263704, 22.05084363512742], [82.3440265722541, 24.620950147972263], [79.40096055852338, 25.92334745925476], [81.89917925432522, 23.95214422289817], [80.81767416733744, 21.832969634045682], [79.1605771202151, 23.30273672923529], [79.17351922930048, 22.685218939314368]]]}",2024-03-03,2024-11-18
5024,Priya Singh,Shyam Singh,Wbwncfv,Female,Sahariya,ST,Mocha,Mocha Gram Panchayat,Deori,Hoshangabad,Madhya Pradesh,IFR,pending,1.81,4.47,"{""type"": ""Polygon"", ""coordinates"": [[[80.68843146811153, 25.911336260423514], [75.04750944276368, 26.136661875292464], [77.52289785433956, 22.357595562373113], [79.32448016512436, 25.454965422033805], [80.23012335179315, 22.59123075123961], [81.93208346920359, 25.279330083334028], [79.32092702303362, 22.25207375985367], [77.15532693346962, 24.515834266570568], [79.20331859332302, 26.127368283693954], [76.26706089868952, 22.711762183387457], [80.19300538273836, 24.380339328259083], [74.31786203706322, 23.524476589095475], [74.02396494042095, 24.599815482415913], [74.83644615123818, 23.249946059267703], [80.68843146811153, 25.911336260423514]]]}",2022-11-22,2023-01-11
5025,Suresh Mishra,Ravi Mishra,Pooja Mishra,Male,Gond,ST,Rajgarh,Rajgarh Gram Panchayat,Dindori,Hoshangabad,Madhya Pradesh,IFR,rejected,1.81,4.47,"{""type"": ""Polygon"", ""coordinates"": [[[81.70742566763117, 23.144256654489986], [77.18283669850437, 22.303366102495247], [74.62177917444485, 23.38996819382777], [74.62263520637812, 25.895971314015046], [74.83274285636509, 25.009230188832316], [74.87489859664934, 23.605919236262046], [79.64652902256833, 23.824604108395246], [74.6712457148904, 24.455701060964287], [79.0753608741868, 23.590599954554072], [81.0536630388195, 25.645612113798084], [75.70744861836012, 22.598093990055805], [80.45025096490471, 24.2812433554729], [74.58726534264878, 24.368645695313056], [75.80669980982759, 23.77009695627702], [81.70742566763117, 23.144256654489986]]]}",2024-10-27,2025-01-22
5026,Pooja Yadav,Mohan Yadav,Mohan Yadav,Female,Sahariya,ST,Sarai,Sarai Gram Panchayat,Shahdol,Panna,Madhya Pradesh,IFR,verified,1.13,2.79,"{""type"": ""Polygon"", ""coordinates"": [[[76.087194766522, 21.855530145784492], [81.12037899413161, 24.19569325679878], [77.18990914340569, 22.415751167684313], [78.04709278290684, 22.397864958955726], [77.64415067294235, 21.950989628871337], [82.37763431601883, 24.598425600455506], [77.6912699968967, 21.690030166170423], [79.05553791511679, 24.01698027861137], [75.29458124909519, 25.634644024059433], [76.08048378192419, 24.25937824772708], [75.28823788193209, 22.95477821725413], [78.22198414462648, 23.92635180894573], [82.22856942907113, 23.412112003575366], [81.50756093905989, 24.45718024320478], [76.087194766522, 21.855530145784492]]]}",2023-03-31,2024-12-15
5027,Anita Chauhan,Mahesh Chauhan,Nakul Chauhan,Female,Baiga,CR,Meena,Meena Gram Panchayat,Dindori,Katni,Madhya Pradesh,IFR,granted,1.3,3.21,"{""type"": ""Polygon"", ""coordinates"": [[[79.62084747875879, 22.9054925738296], [77.36488618366653, 22.22934362544139], [74.23003930163561, 21.97571968908894], [81.64786396103669, 25.162163409056838], [77.00727587260782, 25.323772198661516], [76.17579808804396, 25.444169072705055], [75.85493713358085, 23.45287476491145], [74.54355874382597, 23.885450137530178], [78.43603619337449, 22.53170507999466], [74.42726388309848, 22.821702413871883], [76.58488586464946, 24.76127404943155], [78.56094625075136, 25.441729666199173], [78.5448645500586, 23.962969587828663], [78.15426459089714, 24.59809578381899], [79.62084747875879, 22.9054925738296]]]}",2022-09-20,2024-08-11
5028,Dev Thakur,Ram Thakur,Geeta Thakur,Male,Gond,CR,Bargawan,Bargawan Gram Panchayat,Singrauli,Seoni,Madhya Pradesh,IFR,rejected,1.55,3.83,"{""type"": ""Polygon"", ""coordinates"": [[[78.86623545494112, 21.612450624413558], [81.51737186206664, 23.082136879556376], [76.97039975002596, 25.367728311382876], [78.4762056361302, 23.457788124208868], [75.95846618986329, 25.38360923466862], [76.51871210713392, 22.00151930218077], [75.94306699913318, 25.564712406782572], [79.16163176889694, 24.94246407814698], [80.13597852199018, 22.65930315666157], [76.75040394927407, 25.210746422684757], [81.62765052450976, 23.883193467323395], [80.3628413413464, 23.753197678225554], [75.82812690534786, 23.16135348412719], [81.05257764749503, 22.590406490149014], [78.86623545494112, 21.612450624413558]]]}",2025-03-29,2025-04-26
5029,Sunita Yadav,Mohan Yadav,Hari Yadav,Female,Sahariya,ST,Mocha,Mocha Gram Panchayat,Deori,Balaghat,Madhya Pradesh,IFR,verified,1.55,3.83,"{""type"": ""Polygon"", ""coordinates"": [[[82.21504972170308, 26.133237083637976], [81.38449454616158, 23.02621722149505], [76.47113140659174, 23.560742760934776], [75.01382688726522, 24.14624445706142], [81.95220735829542, 21.990805692380818], [78.47256655834964, 24.617238511729646], [74.00411849894252, 22.12154605514476], [82.26410257760581, 25.69848270804917], [75.59910436374398, 24.26390627218851], [81.2775214899493, 25.73981268292709], [77.8505218311677, 23.748839190691207], [82.04474595004986, 24.667786692038117], [82.1257767573936, 23.15996994637028], [75.32284595474104, 24.189746920072828], [82.21504972170308, 26.133237083637976]]]}",2024-11-27,2024-11-28
5030,Meera Rao,Govind Rao,Mahesh Rao,Female,Not Specified,ST,Pipariya,Pipariya Gram Panchayat,Balaghat,Betul,Madhya Pradesh,IFR,verified,1.12,2.77,"{""type"": ""Polygon"", ""coordinates"": [[[78.08723713417555, 24.354384102663257], [80.28769746527564, 23.57534078315062], [80.78908805315211, 22.215255845995117], [76.03015804312084, 22.365123948601784], [82.4993364127434, 23.28402561149356], [77.40491059879221, 23.751520905493727], [79.65742356458156, 23.451494419193182], [77.68567711345408, 22.22286209031151], [75.8718282136006, 24.880813492191873], [79.2602961196096, 24.85073920530277], [77.9228291347724, 25.105056316017595], [74.46795557580501, 24.904394464996404], [79.65070317458981, 25.796365598760776], [79.03125045439958, 21.602033680169892], [78.08723713417555, 24.354384102663257]]]}",2023-03-06,2025-05-01
5031,Lakshmi Sahu,Dev Sahu,Yudhishthir Sahu,Female,Not Specified,ST,Bodhghat,Bodhghat Gram Panchayat,Shahdol,Singrauli,Madhya Pradesh,IFR,verified,1.98,4.89,"{""type"": ""Polygon"", ""coordinates"": [[[79.69434151654792, 24.82341289060695], [74.53752359121667, 22.511197143907108], [78.46268336803844, 23.02149332230197], [80.1595099595319, 24.269078427910273], [82.32841118674145, 26.1818872497483], [74.09835080062975, 21.721371611096167], [78.30751344855544, 25.459877829864823], [81.83342815093455, 23.945747890724217], [76.1471676597846, 22.795921810088192], [75.07409455084199, 24.167191641796204], [78.27634635200232, 25.414869834985694], [78.45673643794274, 22.523735661129034], [75.93652294481488, 24.60177067490178], [81.28758737830402, 26.22196750198239], [79.69434151654792, 24.82341289060695]]]}",2024-07-16,2025-04-24
5032,Sita Sharma,Ravi Sharma,Dev Sharma,Female,Baiga,CR,Rata,Rata Gram Panchayat,Satna,Katni,Madhya Pradesh,IFR,verified,1.62,4,"{""type"": ""Polygon"", ""coordinates"": [[[76.42931402147299, 22.134090379391377], [79.98945560669411, 24.777621844086454], [79.94203176598305, 25.314125363894906], [76.91325010765725, 25.927754901815465], [78.94188457738655, 23.94111304150187], [74.27225487448514, 22.226116431863197], [74.27210260709596, 26.09792125530275], [76.19645601563455, 24.80375858300323], [76.90054437048374, 23.083396972962912], [77.34764415158949, 23.60553042541539], [80.87582318621953, 24.572685345233012], [77.02426769962706, 22.31688226211398], [81.23161472220977, 22.525923827792685], [76.89522629373815, 21.757847016944996], [76.42931402147299, 22.134090379391377]]]}",2023-12-28,2024-06-17
5033,Neha Chauhan,Arjun Chauhan,Qvtezgp,Female,Kol,ST,Bargawan,Bargawan Gram Panchayat,Satpura,Panna,Madhya Pradesh,IFR,granted,1.85,4.57,"{""type"": ""Polygon"", ""coordinates"": [[[82.00260643249322, 23.562332364967506], [78.5105830619143, 23.680074722585207], [76.53534566663714, 22.353812020357132], [80.24732952635233, 25.691146687019405], [76.94426413284273, 24.295017149574576], [74.55440233566878, 21.67735837265079], [78.43806994371543, 21.65654883824903], [74.75535791592858, 24.027301229349217], [82.24481063734014, 23.47038504007974], [81.42548930612288, 23.070652662207365], [74.81836821543847, 22.425465621789627], [75.58001833091889, 22.400138904158652], [74.22620852119087, 25.983740453755416], [77.18036272938669, 26.059942363119838], [82.00260643249322, 23.562332364967506]]]}",2023-08-01,2025-08-13
5034,Govind Sahu,Hari Sahu,Gstduff,Male,Not Specified,CR,Barhi,Barhi Gram Panchayat,Satpura,Seoni,Madhya Pradesh,IFR,pending,1.27,3.14,"{""type"": ""Polygon"", ""coordinates"": [[[76.57959822444539, 23.733306067383474], [77.57055447805885, 22.269904220729135], [80.7444979703509, 23.850329578072525], [75.17650136990089, 23.369366511575418], [81.295606122941, 24.318138606827194], [74.74817493537431, 24.594053398394696], [79.6231527403955, 23.302845924949562], [77.11126801454664, 25.894581689412995], [76.82453017963168, 25.338250942132476], [80.17565733339094, 22.478306078771226], [77.00881925292715, 23.720368788360034], [78.02744757395065, 24.72197023342565], [78.74382912885348, 25.516679108794513], [79.53058545843358, 24.402474467574276], [76.57959822444539, 23.733306067383474]]]}",2025-02-11,2025-09-30
5035,Lakshmi Thakur,Bharat Thakur,Ram Thakur,Female,Kol,ST,Lagma,Lagma Gram Panchayat,Kanha,Chhindwara,Madhya Pradesh,IFR,granted,1.41,3.48,"{""type"": ""Polygon"", ""coordinates"": [[[76.88311122435861, 23.88027248880853], [78.48650804518223, 21.804857576696076], [76.42294071433517, 24.474417461243604], [76.2711959445883, 23.221334820199925], [79.27174100610947, 23.293034094583565], [75.63550021699723, 22.19996811152955], [78.96645881510025, 21.690618153833537], [77.44937470013609, 22.490415468355387], [80.72123492629152, 21.902097728950068], [80.25129001152055, 24.383017600341155], [79.49347953933447, 24.699499518933013], [77.6113871986015, 25.227912506875388], [77.40871671285001, 23.193032275405454], [74.91011976861446, 23.726294974727782], [76.88311122435861, 23.88027248880853]]]}",2023-01-12,2023-12-01
5036,Shweta Thakur,Hari Thakur,Mqdwdjj,Female,Baiga,CR,Lagma,Lagma Gram Panchayat,Bandhavgarh,Hoshangabad,Madhya Pradesh,IFR,rejected,1.71,4.22,"{""type"": ""Polygon"", ""coordinates"": [[[74.3175061523812, 25.66375322371532], [74.58425092513623, 23.752933821164486], [75.8470375029872, 23.84584437043818], [81.99563972435553, 22.557056955304954], [75.78483740229206, 21.98692489769546], [77.58488084576344, 25.158294423075954], [75.60619763415626, 21.79143069099163], [76.56043519597878, 23.334146081179732], [77.18661201078251, 24.735726098503203], [82.2762696289701, 21.98399115215881], [82.32324802267078, 22.71561415849616], [77.97991082981514, 23.368155691526837], [75.13013944320043, 24.331534966990365], [76.06482176204088, 23.750569936574863], [74.3175061523812, 25.66375322371532]]]}",2023-09-19,2024-05-06
5037,Arjun Gupta,Vishnu Gupta,Sapquxy,Male,Sahariya,CR,Mocha,Mocha Gram Panchayat,Balaghat,Umaria,Madhya Pradesh,IFR,verified,1.66,4.1,"{""type"": ""Polygon"", ""coordinates"": [[[76.73997721203465, 26.02914100017469], [78.30424449245571, 24.15798979057069], [81.14324176910337, 22.277835470864193], [78.47344255244579, 22.902187570358176], [76.5334786582637, 25.927255946307877], [82.19933340114959, 25.36783263173505], [80.07324255260745, 26.058112115910454], [79.58501685500897, 22.11093492497199], [74.64863777818569, 22.435443882624902], [76.52533614555423, 25.791794764319768], [80.14568931370027, 23.426568908126818], [75.871177957801, 25.69748194054681], [77.28328931482447, 26.216753933010747], [82.34469613773496, 25.107387793759575], [76.73997721203465, 26.02914100017469]]]}",2024-03-26,2024-04-11
5038,Laxman Gupta,Ram Gupta,Ritu Gupta,Male,Baiga,CR,Lagma,Lagma Gram Panchayat,Satna,Singrauli,Madhya Pradesh,IFR,rejected,2.03,5.01,"{""type"": ""Polygon"", ""coordinates"": [[[79.04124380231207, 26.089892345454412], [80.82794977572965, 22.99276636200797], [75.87937849000654, 24.435458417506993], [82.45690094933497, 24.97480510904623], [80.09016622734369, 23.30766587062959], [75.1437791958155, 22.62212838392697], [74.69665501400944, 23.59270555832548], [75.94174541779438, 23.72498331780188], [80.6128200245197, 23.99225488466175], [81.084109865074, 25.801994455275647], [79.87902192473804, 23.572299788506047], [81.21564069150983, 23.937401074170545], [78.07590334341471, 22.017850023796466], [82.43430412347075, 22.345825030366516], [79.04124380231207, 26.089892345454412]]]}",2024-11-27,2025-09-23
5039,Sita Gupta,Vishnu Gupta,Bharat Gupta,Female,Kol,ST,Rajgarh,Rajgarh Gram Panchayat,Kanha,Shahdol,Madhya Pradesh,IFR,proposed,1.1,2.72,"{""type"": ""Polygon"", ""coordinates"": [[[77.22030974327137, 22.588106052980763], [78.576078358671, 23.742989512626067], [76.41585192238276, 25.155684821964826], [81.44510947085989, 21.78264977220886], [80.87569749032457, 24.371461099654702], [80.05717624830432, 22.175870764544744], [75.86592099162827, 25.720945929124603], [82.13715419000624, 25.122728182097187], [80.25397937873842, 23.512657283262662], [81.94142224328733, 22.842919954755903], [78.6605266057313, 25.796719273529316], [79.91293472718048, 22.516404307827585], [81.29752062889565, 22.92098269091545], [80.93766686935739, 23.569152040197945], [77.22030974327137, 22.588106052980763]]]}",2025-05-14,2025-08-21
5040,Neha Thakur,Sahdev Thakur,Suresh Thakur,Female,Baiga,CR,Barhi,Barhi Gram Panchayat,Chhindwara,Betul,Madhya Pradesh,IFR,rejected,0.93,2.3,"{""type"": ""Polygon"", ""coordinates"": [[[77.97057697159785, 21.651814074821946], [74.08131234241581, 25.091284090380896], [76.81394334496947, 25.261824206744578], [76.66220555761595, 21.61846296375], [80.14460869876092, 21.741015799932217], [78.35273041681172, 23.778796284345443], [74.30739860928779, 24.94934442321033], [78.5053487373317, 22.242460877667725], [75.54719576397629, 22.849584603119435], [75.2964937249215, 25.507023247983586], [79.55778678854789, 23.85933069560615], [76.90497990620827, 22.49279955303782], [80.7161757152614, 25.07062876169385], [77.30137843189242, 23.73655460627679], [77.97057697159785, 21.651814074821946]]]}",2023-12-11,